{"cameraMode":{"drawMode":0,"name":"Shaded","section":"Shading Mode"},"sceneLighting":true,"audioPlay":false,"sceneViewState":{"showFog":true,"showMaterialUpdate":false,"showSkybox":true,"showFlares":true,"showImageEffects":true,"showParticleSystems":true},"in2DMode":false,"pivot":{"x":16.628803253173829,"y":5.874727249145508,"z":13.48331069946289},"rotation":{"x":-0.1922595351934433,"y":-0.05825621634721756,"z":0.011434050276875496,"w":-0.9795503616333008},"size":65.4130630493164,"orthographic":false}